{
  "n_windows": 526,
  "n_sessions": 4,
  "window_class_acc": 1.0,
  "window_mean_err_final": 0.16039749026341016,
  "window_median_err_final": 0.1403806358575821,
  "session_mean_err_unweighted": 0.13289674185216427,
  "session_median_err_unweighted": 0.13264036923646927,
  "session_mean_err_weighted": 0.13565675541758537,
  "session_median_err_weighted": 0.13388888537883759,
  "conf_mode": "exp_score",
  "alpha_score": 2.0,
  "alpha_margin": 4.0,
  "use_presence_for_weight": true,
  "presence_power": 1.0
}