{
  "amp_delta_out_loss": [
    0.41082021594047546,
    0.1233929842710495,
    0.04402705654501915,
    0.02629648894071579,
    0.018351605162024498,
    0.015399658121168613,
    0.011968139559030533,
    0.011904863640666008,
    0.009368387050926685,
    0.008825535885989666,
    0.00803602859377861,
    0.007378533948212862,
    0.007459011860191822,
    0.006301879417151213,
    0.0052236695773899555,
    0.00533686438575387,
    0.005558499600738287,
    0.006092108320444822,
    0.004944569431245327,
    0.00444835377857089,
    0.006082364823669195,
    0.004625769332051277,
    0.0049200463108718395,
    0.004929632414132357,
    0.004505210090428591,
    0.002834908664226532,
    0.0025571377482265234,
    0.0026165905874222517,
    0.002499466296285391,
    0.0023034121841192245
  ],
  "amp_delta_out_mae": [
    0.8427778482437134,
    0.3956353962421417,
    0.23708300292491913,
    0.18578122556209564,
    0.15356935560703278,
    0.14265833795070648,
    0.12355682253837585,
    0.12320630997419357,
    0.11091040819883347,
    0.10815978050231934,
    0.10261879861354828,
    0.09825321286916733,
    0.09944147616624832,
    0.09154210984706879,
    0.0838204100728035,
    0.08456750959157944,
    0.08613193780183792,
    0.08899038285017014,
    0.08173949271440506,
    0.07863675057888031,
    0.08975221961736679,
    0.0794045552611351,
    0.08024284988641739,
    0.08155310153961182,
    0.07765264809131622,
    0.06149739399552345,
    0.05891856551170349,
    0.05948252230882645,
    0.058741021901369095,
    0.05626331642270088
  ],
  "aoa_xy_out_loss": [
    0.46604645252227783,
    0.02790095843374729,
    0.014314391650259495,
    0.007679104804992676,
    0.006491499021649361,
    0.006287803873419762,
    0.003969220910221338,
    0.004658161196857691,
    0.003763291286304593,
    0.004132755100727081,
    0.003206036053597927,
    0.003489347640424967,
    0.00318515463732183,
    0.0033596204593777657,
    0.0032896604388952255,
    0.003232930088415742,
    0.0024155203718692064,
    0.0020755312871187925,
    0.0022968712728470564,
    0.0021643422078341246,
    0.002677495824173093,
    0.00320947403088212,
    0.002332176547497511,
    0.001960808178409934,
    0.002678736811503768,
    0.0013973148306831717,
    0.0012433453230187297,
    0.0011535577941685915,
    0.0011545168235898018,
    0.0013081724755465984
  ],
  "aoa_xy_out_mae": [
    0.7579927444458008,
    0.18503408133983612,
    0.1334570348262787,
    0.09873217344284058,
    0.09292686730623245,
    0.08726582676172256,
    0.07089246064424515,
    0.0761941596865654,
    0.06781617552042007,
    0.07147714495658875,
    0.06278224289417267,
    0.06524023413658142,
    0.06258389353752136,
    0.06388357281684875,
    0.06358887255191803,
    0.0630011186003685,
    0.05407850444316864,
    0.051991451531648636,
    0.05398145690560341,
    0.052228253334760666,
    0.05797600746154785,
    0.061360087245702744,
    0.054071273654699326,
    0.050047192722558975,
    0.05814250931143761,
    0.04238414019346237,
    0.04048790782690048,
    0.03879173472523689,
    0.0385061576962471,
    0.040219057351350784
  ],
  "class_out_acc": [
    0.7343199253082275,
    0.996476411819458,
    1.0,
    1.0,
    1.0,
    1.0,
    1.0,
    1.0,
    1.0,
    1.0,
    1.0,
    1.0,
    1.0,
    1.0,
    1.0,
    1.0,
    1.0,
    1.0,
    1.0,
    1.0,
    1.0,
    1.0,
    1.0,
    1.0,
    1.0,
    1.0,
    1.0,
    1.0,
    1.0,
    1.0
  ],
  "class_out_loss": [
    0.9472165107727051,
    0.06891963630914688,
    0.02162431739270687,
    0.011403948068618774,
    0.007066963706165552,
    0.004903185181319714,
    0.0035990176256746054,
    0.0029085208661854267,
    0.0021055429242551327,
    0.0018949605291709304,
    0.0016327336197718978,
    0.0013385382480919361,
    0.0012265375116840005,
    0.0010226040612906218,
    0.0009247918496839702,
    0.0008634132682345808,
    0.0007240564445964992,
    0.0006736079230904579,
    0.0005900093237869442,
    0.0005668122903443873,
    0.0005011899047531188,
    0.00046718199155293405,
    0.00043513785931281745,
    0.0003811287460848689,
    0.00034477870212867856,
    0.0003636218316387385,
    0.0003415172395762056,
    0.00034051697002723813,
    0.00029371283017098904,
    0.000259488559095189
  ],
  "final_xy_out_loss": [
    0.46542394161224365,
    0.028026795014739037,
    0.014320667833089828,
    0.00770908547565341,
    0.006508973892778158,
    0.006284093018621206,
    0.0039689792320132256,
    0.004676589742302895,
    0.003782438114285469,
    0.004142262972891331,
    0.0032084553968161345,
    0.003490976057946682,
    0.003181888721883297,
    0.0033601790200918913,
    0.0032892730087041855,
    0.0032337328884750605,
    0.002416025847196579,
    0.002077229553833604,
    0.002295286627486348,
    0.002170722698792815,
    0.0026763712521642447,
    0.0032084814738482237,
    0.0023352517746388912,
    0.001965010305866599,
    0.0026830649003386497,
    0.0013973801396787167,
    0.0012437100522220135,
    0.0011531403288245201,
    0.0011552588548511267,
    0.00130784185603261
  ],
  "final_xy_out_mae": [
    0.766028881072998,
    0.18520084023475647,
    0.13366903364658356,
    0.09892415255308151,
    0.0929775983095169,
    0.08724511414766312,
    0.07083959877490997,
    0.07628875225782394,
    0.06791488081216812,
    0.07158351689577103,
    0.0627710148692131,
    0.06524939090013504,
    0.06262747198343277,
    0.06384848058223724,
    0.06357893347740173,
    0.06299493461847305,
    0.05409558489918709,
    0.05198527127504349,
    0.05397304520010948,
    0.05232054740190506,
    0.057921476662158966,
    0.06134026125073433,
    0.05411966145038605,
    0.05009836331009865,
    0.05818900465965271,
    0.04239577054977417,
    0.04049154743552208,
    0.038810789585113525,
    0.03854082524776459,
    0.04022186994552612
  ],
  "loss": [
    2.5602834224700928,
    0.23890221118927002,
    0.09912996739149094,
    0.05669772997498512,
    0.04185006767511368,
    0.03497864305973053,
    0.024570539593696594,
    0.02455313876271248,
    0.0194675475358963,
    0.01930820383131504,
    0.015846293419599533,
    0.01563992351293564,
    0.014502951875329018,
    0.013961310498416424,
    0.012969473376870155,
    0.01263416837900877,
    0.01048987079411745,
    0.009793323464691639,
    0.009560627862811089,
    0.008912291377782822,
    0.010860751383006573,
    0.011368706822395325,
    0.009216103702783585,
    0.008234469220042229,
    0.00973926018923521,
    0.005686392541974783,
    0.005117801483720541,
    0.0049098399467766285,
    0.004789767786860466,
    0.005024300422519445
  ],
  "presence_out_acc": [
    0.7470049262046814,
    0.893587052822113,
    0.9633544683456421,
    0.9823819398880005,
    0.9887244701385498,
    0.9950669407844543,
    0.9985905289649963,
    1.0,
    0.9992952942848206,
    1.0,
    1.0,
    1.0,
    1.0,
    1.0,
    1.0,
    1.0,
    1.0,
    1.0,
    1.0,
    1.0,
    1.0,
    1.0,
    1.0,
    1.0,
    1.0,
    1.0,
    1.0,
    1.0,
    1.0,
    1.0
  ],
  "presence_out_loss": [
    0.5651383399963379,
    0.0783742144703865,
    0.03925929591059685,
    0.0256272591650486,
    0.018624501302838326,
    0.013484789989888668,
    0.010276352055370808,
    0.008133210241794586,
    0.006448542233556509,
    0.005283961538225412,
    0.004407841712236404,
    0.0037694170605391264,
    0.003181289415806532,
    0.0028074851725250483,
    0.0024293074384331703,
    0.00206927303224802,
    0.0018774641212075949,
    0.0017400892684236169,
    0.0014869333244860172,
    0.0013951790751889348,
    0.0012434734962880611,
    0.001145735615864396,
    0.0009890610817819834,
    0.000945781241171062,
    0.0008679240709170699,
    0.0008185368496924639,
    0.0007734730606898665,
    0.000750300008803606,
    0.0007308467174880207,
    0.0007046898826956749
  ],