{
  "amp_delta_out_loss": [
    0.09242206066846848,
    0.06700610369443893,
    0.043133694678545,
    0.030120451003313065,
    0.021534902974963188,
    0.016932787373661995,
    0.01377320010215044,
    0.011906351894140244,
    0.010674907825887203,
    0.009736123494803905,
    0.008822462521493435
  ],
  "amp_delta_out_mae": [
    0.4886661469936371,
    0.37580785155296326,
    0.2728884518146515,
    0.21478146314620972,
    0.17282086610794067,
    0.1510268598794937,
    0.13351738452911377,
    0.12334427237510681,
    0.11639466136693954,
    0.11055906862020493,
    0.1040305495262146
  ],
  "aoa_xy_out_loss": [
    0.1188814714550972,
    0.0014856873312965035,
    0.0013320257421582937,
    0.0004964233376085758,
    0.0007871742127463222,
    0.005636786110699177,
    0.003299061208963394,
    0.000362141989171505,
    0.0004750501539092511,
    0.0004915551980957389,
    0.0004360353632364422
  ],
  "aoa_xy_out_mae": [
    0.3496367931365967,
    0.02923627197742462,
    0.025603273883461952,
    0.020625310018658638,
    0.023021001368761063,
    0.03202999010682106,
    0.022436799481511116,
    0.019151892513036728,
    0.021848782896995544,
    0.021844085305929184,
    0.021804913878440857
  ],
  "class_out_acc": [
    0.8303964734077454,
    1.0,
    1.0,
    1.0,
    1.0,
    0.9977973699569702,
    1.0,
    1.0,
    1.0,
    1.0,
    1.0
  ],
  "class_out_loss": [
    0.716503918170929,
    0.1518581062555313,
    0.14722782373428345,
    0.14020219445228577,
    0.13847163319587708,
    0.1515258252620697,
    0.14540627598762512,
    0.13677634298801422,
    0.13493216037750244,
    0.1344839483499527,
    0.13333825767040253
  ],
  "class_out_top2": [
    0.8854625821113586,
    1.0,
    1.0,
    1.0,
    1.0,
    1.0,
    1.0,
    1.0,
    1.0,
    1.0,
    1.0
  ],
  "final_xy_out_loss": [
    0.12054169178009033,
    0.0014637402491644025,
    0.0013155105989426374,
    0.0004898784682154655,
    0.0007775846170261502,
    0.0056401202455163,
    0.00329821789637208,
    0.0003625149838626385,
    0.0004729007778223604,
    0.0004914453020319343,
    0.0004354543052613735
  ],
  "final_xy_out_mae": [
    0.35264402627944946,
    0.02879122830927372,
    0.025000836700201035,
    0.02028621919453144,
    0.022756410762667656,
    0.03193868696689606,
    0.022337380796670914,
    0.019052430987358093,
    0.02179715782403946,
    0.021803155541419983,
    0.021750183776021004
  ],
  "loss": [
    1.1976213455200195,
    0.1742277443408966,
    0.1608973741531372,
    0.1499084085226059,
    0.1456039547920227,
    0.1589260697364807,
    0.14750376343727112,
    0.14109641313552856,
    0.13908037543296814,
    0.13787589967250824,
    0.1368793249130249
  ],
  "presence_out_acc": [
    0.9295154213905334,
    1.0,
    1.0,
    1.0,
    1.0,
    1.0,
    1.0,
    1.0,
    1.0,
    1.0,
    1.0
  ],
  "presence_out_loss": [
    0.19811438024044037,
    0.002735654590651393,
    0.0016374400584027171,
    0.0011171508813276887,
    0.0008628311916254461,
    0.0006153630092740059,
    0.0004993418697267771,
    0.00044568258454091847,
    0.0004191896878182888,
    0.00039103947347030044,
    0.00036018097307533026
  ],
  "presence_out_prec": [
    1.0,
    1.0,
    1.0,
    1.0,
    1.0,
    1.0,
    1.0,
    1.0,
    1.0,
    1.0,
    1.0
  ],
  "presence_out_rec": [
    0.9295154213905334,
    1.0,
    1.0,
    1.0,
    1.0,
    1.0,
    1.0,
    1.0,
    1.0,
    1.0,
    1.0
  ],
  "val_amp_delta_out_loss": [
    0.04351722449064255,
    0.035975124686956406,
    0.030272450298070908,
    0.024307681247591972,
    0.019590012729167938,
    0.01697736606001854,
    0.01552294660359621,
    0.015284702181816101,
    0.01625792495906353,
    0.01515897549688816,
    0.01572529412806034
  ],
  "val_amp_delta_out_mae": [
    0.4682380259037018,
    0.370293527841568,
    0.3281187117099762,
    0.2939269542694092,
    0.2647155523300171,
    0.2575494647026062,
    0.2558286786079407,
    0.25911641120910645,
    0.265108585357666,
    0.2573416233062744,
    0.2603425979614258
  ],
  "val_aoa_xy_out_loss": [
    0.3964795470237732,
    0.39541417360305786,
    0.38359954953193665,
    0.3448159098625183,
    0.30499106645584106,
    0.33309781551361084,
    0.3592866361141205,
    0.3257591426372528,
    0.32338494062423706,
    0.3178299367427826,
    0.3170700669288635
  ],
  "val_aoa_xy_out_mae": [
    2.93412184715271,
    2.9542176723480225,
    2.932736396789551,
    2.811220407485962,
    2.6750338077545166,
    2.616520881652832,
    2.8886449337005615,
    2.7355270385742188,
    2.7098069190979004,
    2.669001817703247,
    2.6688783168792725
  ],
  "val_class_out_acc": [
    0.0,
    0.0,
    0.0,
    0.0,
    0.0,
    0.0,
    0.0,
    0.0,
    0.0,
    0.0,
    0.0
  ],
  "val_class_out_loss": [
    4.905368328094482,
    4.651061058044434,
    4.439416885375977,
    4.279552936553955,
    4.158675193786621,
    4.485001564025879,
    4.642261028289795,
    4.281587600708008,
    4.236985206604004,
    4.269909858703613,
    4.195034503936768
  ],
  "val_class_out_top2": [
    0.0,
    0.0,
    0.0,
    0.0,
    0.0,
    0.0,
    0.0,
    0.0,
    0.0,
    0.0,
    0.0
  ],
  "val_final_xy_out_loss": [
    0.39654383063316345,
    0.3949446976184845,
    0.38361603021621704,
    0.3447874188423157,
    0.3048873543739319,
    0.3328183591365814,
    0.3591395914554596,
    0.32560455799102783,
    0.32320263981819153,
    0.31770631670951843,
    0.3169277310371399
  ],
  "val_final_xy_out_mae": [
    2.9400599002838135,
    2.9533534049987793,
    2.9324564933776855,
    2.811009645462036,
    2.6743581295013428,
    2.6153454780578613,
    2.887887954711914,
    2.734724521636963,
    2.7089016437530518,
    2.6683595180511475,
    2.6680562496185303
  ],
  "val_loss": [
    8.505362510681152,
    8.541958808898926,
    8.561822891235352,
    8.476807594299316,
    8.38780689239502,
    8.956865310668945,
    9.273821830749512,
    8.859870910644531,
    8.859136581420898,
    8.920225143432617,
    8.899415016174316
  ],
  "val_presence_out_acc": [
    0.49514561891555786,
    0.49514561891555786,
    0.49514561891555786,
    0.49514561891555786,
    0.49514561891555786,
    0.49514561891555786,
    0.49514561891555786,
    0.49514561891555786,
    0.49514561891555786,
    0.49514561891555786,
    0.49514561891555786
  ],
  "val_presence_out_loss": [
    2.594301700592041,
    2.891223430633545,
    3.153583288192749,
    3.3262953758239746,
    3.458305597305298,
    3.6316189765930176,
    3.7262442111968994,
    3.756596088409424,
    3.806333065032959,
    3.848489999771118,
    3.904402732849121
  ],
  "val_presence_out_prec": [
    0.49514561891555786,
    0.49514561891555786,
    0.49514561891555786,
    0.49514561891555786,
    0.49514561891555786,
    0.49514561891555786,
    0.49514561891555786,
    0.49514561891555786,
    0.49514561891555786,
    0.49514561891555786,
    0.49514561891555786
  ],
  "val_presence_out_rec": [
    1.0,
    1.0,
    1.0,
    1.0,
    1.0,
    1.0,
    1.0,
    1.0,
    1.0,
    1.0,
    1.0
  ],
  "learning_rate": [
    9.999999747378752e-05,
    9.999999747378752e-05,
    9.999999747378752e-05,
    9.999999747378752e-05,
    9.999999747378752e-05,
    9.999999747378752e-05,
    4.999999873689376e-05,
    4.999999873689376e-05,
    4.999999873689376e-05,
    4.999999873689376e-05,
    4.999999873689376e-05
  ]
}